序号,链接,节点数
0,https://0Vv44C.mcsslk.xyz/060ce5d6cae3a7dc9afc4c4072f1897f,0
1,https://gitlab.com/colloq168/nodefiltrate/-/raw/main/filtrate?ref_type=heads,0
2,https://raw.githubusercontent.com/Alvin9999/pac2/master/clash.meta2/1/config.yaml,1
3,https://raw.githubusercontent.com/Alvin9999/pac2/master/clash.meta2/13/config.yaml,1
4,https://raw.githubusercontent.com/Alvin9999/pac2/master/clash.meta2/15/config.yaml,1
5,https://raw.githubusercontent.com/Alvin9999/pac2/master/clash.meta2/2/config.yaml,1
6,https://raw.githubusercontent.com/Alvin9999/pac2/master/clash.meta2/config.yaml,1
7,https://raw.githubusercontent.com/Huibq/TrojanLinks/master/links/vmess,0
8,https://raw.githubusercontent.com/Surfboardv2ray/TGParse/main/python/hy2,1
9,https://raw.githubusercontent.com/Surfboardv2ray/TGParse/main/python/hysteria2,34
10,https://raw.githubusercontent.com/qjlxg/hy2/main/splitted/hy2,0
11,https://raw.githubusercontent.com/ripaojiedian/freenode/main/clash,17
12,https://raw.githubusercontent.com/ripaojiedian/freenode/main/sub,19
13,https://raw.githubusercontent.com/zhangkaiitugithub/passcro/main/speednodes.yaml,37
14,https://yi5Yac.absslk.xyz/945f83bf3c34fafd75ef4a3248c903ea,0
15,dynamic://peasoft,0

总计,,86
